{
  "precision": 0.7411764705882353,
  "recall": 0.7241379310344828,
  "f1": 0.7325581395348837,
  "majority_f1": 0.7341772151898734,
  "tp": 63,
  "fp": 22,
  "fn": 24,
  "tn": 41,
  "report": "              precision    recall  f1-score   support\n\n           0       0.63      0.65      0.64        63\n           1       0.74      0.72      0.73        87\n\n    accuracy                           0.69       150\n   macro avg       0.69      0.69      0.69       150\nweighted avg       0.69      0.69      0.69       150\n",
  "n_test": 150
}