{
  "precision": 0.8901869158878505,
  "recall": 0.8799076212471132,
  "f1": 0.8850174216027874,
  "threshold": 0.185,
  "tp": 381,
  "fp": 47,
  "fn": 52,
  "tn": 267,
  "baseline": {
    "precision": 0.632183908045977,
    "recall": 0.21019108280254778,
    "f1": 0.31548757170172087
  }
}