{
  "YOLOv8s": {
    "precision": 0.9060052219321149,
    "recall": 0.8013856812933026,
    "f1": 0.8504901960784315,
    "threshold": 0.47000000000000003,
    "tp": 347,
    "fp": 36,
    "fn": 86,
    "tn": 278
  },
  "YOLOv11s": {
    "precision": 0.9079903147699758,
    "recall": 0.8660508083140878,
    "f1": 0.8865248226950355,
    "threshold": 0.295,
    "tp": 375,
    "fp": 38,
    "fn": 58,
    "tn": 276
  },
  "YOLOv11m": {
    "precision": 0.9314720812182741,
    "recall": 0.8475750577367206,
    "f1": 0.8875453446191053,
    "threshold": 0.22,
    "tp": 367,
    "fp": 27,
    "fn": 66,
    "tn": 287
  },
  "RT-DETR-L": {
    "precision": 0.9074550128534704,
    "recall": 0.815242494226328,
    "f1": 0.8588807785888078,
    "threshold": 0.46,
    "tp": 353,
    "fp": 36,
    "fn": 80,
    "tn": 278
  }
}